Comment_ID,Video_ID,Video_Title,Channel_Title,Video_Date,Comment,Comment_Date,Comment_Like_Count,Comment_Length,Clean_Comment,Weather_Relevant,Commute_Relevant,Personal_Experience,Frustration_Score,Issue_Type,Emotion_Type,Emotion_Intensity
5,ExqrA3UUxAM,K-직장인이 누구야~ 폭우에도 출근하는 사람들이지｜크랩,크랩 KLAB,2021-07-20 09:42:03+00:00,"하늘이 두쪽나도 학교는, 회사는 당연히 가야했던 시절. 안간다는게 정서 상 이해가 안됐던 시절",2021-07-20 10:54:34+00:00,11855,52,"하늘이 두쪽나도 학교는, 회사는 당연히 가야했던 시절. 안간다는게 정서 상 이해가 안됐던 시절",1.0,1.0,0.0,0.0,Workplace_Pressure,Neutral,0
7,ExqrA3UUxAM,K-직장인이 누구야~ 폭우에도 출근하는 사람들이지｜크랩,크랩 KLAB,2021-07-20 09:42:03+00:00,다들 차려입고 출근하는게 더 웃기네,2021-07-20 09:56:09+00:00,8775,19,다들 차려입고 출근하는게 더 웃기네,1.0,1.0,0.0,0.0,Other,Humor,1
8,ExqrA3UUxAM,K-직장인이 누구야~ 폭우에도 출근하는 사람들이지｜크랩,크랩 KLAB,2021-07-20 09:42:03+00:00,저런분들이 출근해서 지금의 발전을 만들었지..그런데 지금 우리는 그들의 노력을 너무 가벼이 여기는듯,2024-07-27 03:46:12+00:00,32,55,저런분들이 출근해서 지금의 발전을 만들었지..그런데 지금 우리는 그들의 노력을 너무 가벼이 여기는듯,1.0,1.0,0.0,0.0,Other,Appreciation,2
9,ExqrA3UUxAM,K-직장인이 누구야~ 폭우에도 출근하는 사람들이지｜크랩,크랩 KLAB,2021-07-20 09:42:03+00:00,...저 상태인데 출근하는 우리 한국인들..ㅠ((1.8천?..,2021-07-20 09:42:45+00:00,2924,34,...저 상태인데 출근하는 우리 한국인들..ㅠ((1.8천?..,1.0,1.0,1.0,1.0,Flooding,Exhaustion,2
10,ExqrA3UUxAM,K-직장인이 누구야~ 폭우에도 출근하는 사람들이지｜크랩,크랩 KLAB,2021-07-20 09:42:03+00:00,와 사람들이 가끔 뭐 뭔일나도 좀비 생겨도 홍수나도 한국은 출근 등교는 할거다~ 하고 드립쳤는데 진짜였잖아ㅋㅋㅋㅋㅋㅠㅠ,2021-08-13 07:24:53+00:00,3287,66,와 사람들이 가끔 뭐 뭔일나도 좀비 생겨도 홍수나도 한국은 출근 등교는 할거다~ 하고 드립쳤는데 진짜였잖아ㅋㅋㅋㅋㅋㅠㅠ,1.0,1.0,0.0,1.0,Workplace_Pressure,Resignation,2
11,ExqrA3UUxAM,K-직장인이 누구야~ 폭우에도 출근하는 사람들이지｜크랩,크랩 KLAB,2021-07-20 09:42:03+00:00,???: 위험한 상황임에도 고삼은 등교하기로,2021-07-20 10:15:30+00:00,1442,24,???: 위험한 상황임에도 고삼은 등교하기로,1.0,1.0,0.0,1.0,Safety,Humor,1
12,ExqrA3UUxAM,K-직장인이 누구야~ 폭우에도 출근하는 사람들이지｜크랩,크랩 KLAB,2021-07-20 09:42:03+00:00,정말 존경스럽다.. 저 상황에서 등교를 하고 출근을 하고.. 심지어 다들 웃고 계셔..,2023-08-10 05:00:39+00:00,82,48,정말 존경스럽다.. 저 상황에서 등교를 하고 출근을 하고.. 심지어 다들 웃고 계셔..,1.0,1.0,0.0,0.0,Other,Appreciation,2
13,ExqrA3UUxAM,K-직장인이 누구야~ 폭우에도 출근하는 사람들이지｜크랩,크랩 KLAB,2021-07-20 09:42:03+00:00,와....어른들이 라때는 폭우는 폭설이든 일하러 갔다는게 ㄹㅇ이구나....,2021-08-17 09:53:56+00:00,4113,41,와....어른들이 라때는 폭우는 폭설이든 일하러 갔다는게 ㄹㅇ이구나....,1.0,1.0,0.0,0.0,Other,Neutral,0
14,ExqrA3UUxAM,K-직장인이 누구야~ 폭우에도 출근하는 사람들이지｜크랩,크랩 KLAB,2021-07-20 09:42:03+00:00,엄마 저때 백화점에서 일하셨다는데 대리가 지랄지랄하면서 나오랬다곸ㅋㅋㅋㅋ그 와중에 쇼핑하러 온 사람도 있었다고 하더라구요ㅋㅋㄱ저때 웃은건 너무 이 상황이 어이없고 해탈해서 웃은거라네요,2021-08-19 03:42:53+00:00,2791,102,엄마 저때 백화점에서 일하셨다는데 대리가 지랄지랄하면서 나오랬다곸ㅋㅋㅋㅋ그 와중에 쇼핑하러 온 사람도 있었다고 하더라구요ㅋㅋㄱ저때 웃은건 너무 이 상황이 어이없고 해탈해서 웃은거라네요,1.0,1.0,1.0,1.0,Workplace_Pressure,Resignation,2
17,ExqrA3UUxAM,K-직장인이 누구야~ 폭우에도 출근하는 사람들이지｜크랩,크랩 KLAB,2021-07-20 09:42:03+00:00,와 진짜 대단하다‥ 저럴때 학교가고 출근한 것도 대단한데 문 연 학교랑 회사도 대단하네 나라면 못 갔을듯‥,2021-07-20 09:51:05+00:00,4192,59,와 진짜 대단하다‥ 저럴때 학교가고 출근한 것도 대단한데 문 연 학교랑 회사도 대단하네 나라면 못 갔을듯‥,1.0,1.0,0.0,0.0,Other,Appreciation,2
18,ExqrA3UUxAM,K-직장인이 누구야~ 폭우에도 출근하는 사람들이지｜크랩,크랩 KLAB,2021-07-20 09:42:03+00:00,"A: 라뗴는 말야 비가 오면 뗏목을 타고 출근했어
B: 에이 거짓말하지 마요
A: (억울)",2021-08-09 00:48:28+00:00,810,50,A: 라뗴는 말야 비가 오면 뗏목을 타고 출근했어 B: 에이 거짓말하지 마요 A: (억울),1.0,1.0,0.0,0.0,Other,Humor,1
23,ExqrA3UUxAM,K-직장인이 누구야~ 폭우에도 출근하는 사람들이지｜크랩,크랩 KLAB,2021-07-20 09:42:03+00:00,이걸 찍은 사람이 대단한건가 아님 출근을 하는 K-직장인이 대단한건가?,2021-07-20 10:18:09+00:00,4811,39,이걸 찍은 사람이 대단한건가 아님 출근을 하는 K-직장인이 대단한건가?,1.0,1.0,0.0,0.0,Other,Appreciation,2
25,ExqrA3UUxAM,K-직장인이 누구야~ 폭우에도 출근하는 사람들이지｜크랩,크랩 KLAB,2021-07-20 09:42:03+00:00,저러니 한국인들은 좀비떼가 창궐해도 좀비 밀치고 출근한다 그러지ㅠㅠ,2021-07-20 13:01:45+00:00,1765,37,저러니 한국인들은 좀비떼가 창궐해도 좀비 밀치고 출근한다 그러지ㅠㅠ,1.0,1.0,0.0,2.0,Workplace_Pressure,Humor,2
28,ExqrA3UUxAM,K-직장인이 누구야~ 폭우에도 출근하는 사람들이지｜크랩,크랩 KLAB,2021-07-20 09:42:03+00:00,우산 들고있는게 개 웃김. ㅋㅋㅋㅋㅋㅋㅋㅋㅋㅋㅋ몸은 가슴까지 다 젖었는데 머리만 안젖어서 뭐할건데 ㅋㅋㅋㅋㅋㅋㅋㅋ,2022-08-08 20:12:31+00:00,309,63,우산 들고있는게 개 웃김. ㅋㅋㅋㅋㅋㅋㅋㅋㅋㅋㅋ몸은 가슴까지 다 젖었는데 머리만 안젖어서 뭐할건데 ㅋㅋㅋㅋㅋㅋㅋㅋ,1.0,1.0,0.0,0.0,Comfort,Humor,2
29,ExqrA3UUxAM,K-직장인이 누구야~ 폭우에도 출근하는 사람들이지｜크랩,크랩 KLAB,2021-07-20 09:42:03+00:00,물이 가슴까지 차오른 출근길을 다같이 걷고있으면 어이없어서 웃음이 날 것 같기도ㅋㅋㅋㅋㅋ,2021-08-11 04:40:00+00:00,602,49,물이 가슴까지 차오른 출근길을 다같이 걷고있으면 어이없어서 웃음이 날 것 같기도ㅋㅋㅋㅋㅋ,1.0,1.0,1.0,2.0,Flooding,Resignation,1
30,ExqrA3UUxAM,K-직장인이 누구야~ 폭우에도 출근하는 사람들이지｜크랩,크랩 KLAB,2021-07-20 09:42:03+00:00,작년 겨울 폭설일 때 출근하려고 새벽같이 나가던 사람들이 이 영상을 좋아합니다,2021-07-20 10:33:15+00:00,907,43,작년 겨울 폭설일 때 출근하려고 새벽같이 나가던 사람들이 이 영상을 좋아합니다,1.0,1.0,0.0,0.0,Other,Neutral,0
32,ExqrA3UUxAM,K-직장인이 누구야~ 폭우에도 출근하는 사람들이지｜크랩,크랩 KLAB,2021-07-20 09:42:03+00:00,"와~~~~ 왜 이렇게 멋있냐!!!!
진짜 저 상황에서 웃으면서 출근하는걸 2022년에
보니까 너무 멋있고 존경스럽고 감사합니다 저분들이
있었기에 대한민국이 이 정도로 성장할 수 있었다고 생각합니다",2022-07-20 15:13:39+00:00,142,109,와~~~~ 왜 이렇게 멋있냐!!!! 진짜 저 상황에서 웃으면서 출근하는걸 2022년에 보니까 너무 멋있고 존경스럽고 감사합니다 저분들이 있었기에 대한민국이 이 정도로 성장할 수 있었다고 생각합니다,1.0,1.0,0.0,0.0,Other,Appreciation,3
38,ExqrA3UUxAM,K-직장인이 누구야~ 폭우에도 출근하는 사람들이지｜크랩,크랩 KLAB,2021-07-20 09:42:03+00:00,아침에 눈 떴을 때 이미 홍수 상태라는 거 알고 출근했을텐데 양복 입고 있는거 왤케 귀엽지..ㅋㅋㅋ 물난리에 양복이라니..ㅋㅋㅋㅋㅋ,2021-08-13 00:41:00+00:00,1207,73,아침에 눈 떴을 때 이미 홍수 상태라는 거 알고 출근했을텐데 양복 입고 있는거 왤케 귀엽지..ㅋㅋㅋ 물난리에 양복이라니..ㅋㅋㅋㅋㅋ,1.0,1.0,0.0,0.0,Flooding,Humor,2
42,ExqrA3UUxAM,K-직장인이 누구야~ 폭우에도 출근하는 사람들이지｜크랩,크랩 KLAB,2021-07-20 09:42:03+00:00,태풍이 너무 심하게 와서 내가 회사가면 몇명 없을줄 알았는데 전부 출근했네... 이런 출근과 동시에 퇴근할려고 했는데 ㅠㅠ,2021-08-10 11:51:33+00:00,290,68,태풍이 너무 심하게 와서 내가 회사가면 몇명 없을줄 알았는데 전부 출근했네... 이런 출근과 동시에 퇴근할려고 했는데 ㅠㅠ,1.0,1.0,1.0,1.0,Workplace_Pressure,Frustration,1
43,ExqrA3UUxAM,K-직장인이 누구야~ 폭우에도 출근하는 사람들이지｜크랩,크랩 KLAB,2021-07-20 09:42:03+00:00,저렇게 극한의 상황에 출근해야된다는 불편함보다도 저런 상황에도 웃을 수 있는 저 낙천적인 분위기가 왠지 부럽다...,2021-08-10 08:13:33+00:00,896,64,저렇게 극한의 상황에 출근해야된다는 불편함보다도 저런 상황에도 웃을 수 있는 저 낙천적인 분위기가 왠지 부럽다...,1.0,1.0,0.0,0.0,Other,Other,2
44,ExqrA3UUxAM,K-직장인이 누구야~ 폭우에도 출근하는 사람들이지｜크랩,크랩 KLAB,2021-07-20 09:42:03+00:00,물 헤치면서 가는데..밑에 뭐가 있을지도 모르고 진짜 위험함에도 웃으면서 가는 님들은 대체..리스펙..😊,2024-06-13 22:15:49+00:00,18,58,물 헤치면서 가는데..밑에 뭐가 있을지도 모르고 진짜 위험함에도 웃으면서 가는 님들은 대체..리스펙..😊,1.0,1.0,0.0,0.0,Flooding,Appreciation,2
45,ExqrA3UUxAM,K-직장인이 누구야~ 폭우에도 출근하는 사람들이지｜크랩,크랩 KLAB,2021-07-20 09:42:03+00:00,가슴까지 물이 찰 정도면 요즘시대엔 어찌보면  재난상황이라 할텐데 웃으면서 출근하다니 진짜 대단..,2021-08-13 01:48:42+00:00,439,55,가슴까지 물이 찰 정도면 요즘시대엔 어찌보면 재난상황이라 할텐데 웃으면서 출근하다니 진짜 대단..,1.0,1.0,0.0,1.0,Flooding,Appreciation,3
50,ExqrA3UUxAM,K-직장인이 누구야~ 폭우에도 출근하는 사람들이지｜크랩,크랩 KLAB,2021-07-20 09:42:03+00:00,"저게 진짜 출근하고 학교 가고 있는 거라니... 보고 있으면서도 믿을 수가 없다.
그 와중에 웃고 있는 것 봐...ㅋㅋㅋㅋㅋㅋㅋㅋㅋㅋㅋㅋㅋㅋ 한국인들 진짜 대단한 사람들이다",2021-08-09 04:01:39+00:00,247,96,저게 진짜 출근하고 학교 가고 있는 거라니... 보고 있으면서도 믿을 수가 없다. 그 와중에 웃고 있는 것 봐...ㅋㅋㅋㅋㅋㅋㅋㅋㅋㅋㅋㅋㅋㅋ 한국인들 진짜 대단한 사람들이다,1.0,1.0,0.0,0.0,Other,Appreciation,2
51,ExqrA3UUxAM,K-직장인이 누구야~ 폭우에도 출근하는 사람들이지｜크랩,크랩 KLAB,2021-07-20 09:42:03+00:00,"정장 입고 가는거 대단하다.
저때는 출근을 왜 하라고 하는지. . .
개근상을 최고로 여기던 시대 ㅋㅋ",2021-08-13 05:00:23+00:00,566,57,정장 입고 가는거 대단하다. 저때는 출근을 왜 하라고 하는지. . . 개근상을 최고로 여기던 시대 ㅋㅋ,1.0,1.0,0.0,1.0,Workplace_Pressure,Appreciation,1
52,ExqrA3UUxAM,K-직장인이 누구야~ 폭우에도 출근하는 사람들이지｜크랩,크랩 KLAB,2021-07-20 09:42:03+00:00,진짜 라떼도 다 인정 대단하신 분들임 ㅠ 존경,2022-04-18 17:38:19+00:00,45,25,진짜 라떼도 다 인정 대단하신 분들임 ㅠ 존경,1.0,1.0,0.0,0.0,Other,Appreciation,2
57,ExqrA3UUxAM,K-직장인이 누구야~ 폭우에도 출근하는 사람들이지｜크랩,크랩 KLAB,2021-07-20 09:42:03+00:00,1:46 물속에서 자전거 타는 거 보면 진짜 화성인인듯 ㅋㅋ,2021-07-23 07:02:01+00:00,72,33,1:46 물속에서 자전거 타는 거 보면 진짜 화성인인듯 ㅋㅋ,1.0,1.0,0.0,1.0,Flooding,Humor,2
60,ExqrA3UUxAM,K-직장인이 누구야~ 폭우에도 출근하는 사람들이지｜크랩,크랩 KLAB,2021-07-20 09:42:03+00:00,와 진짜 이게 2022년에 다시 일어날줄이야,2022-08-09 03:28:40+00:00,26,24,와 진짜 이게 2022년에 다시 일어날줄이야,1.0,1.0,0.0,1.0,Flooding,Frustration,1
63,ExqrA3UUxAM,K-직장인이 누구야~ 폭우에도 출근하는 사람들이지｜크랩,크랩 KLAB,2021-07-20 09:42:03+00:00,"K-직장인 : ""아 일하기 싫다""
폭우 : "" 그러면 홍수나게 해줄께~""
K-직장인 : ""아 돈벌러 나가야지 어디 보트가...""
폭우 : ?",2021-07-28 07:05:49+00:00,60,78,"K-직장인 : ""아 일하기 싫다"" 폭우 : "" 그러면 홍수나게 해줄께~"" K-직장인 : ""아 돈벌러 나가야지 어디 보트가..."" 폭우 : ?",1.0,1.0,0.0,1.0,Flooding,Humor,2
65,ExqrA3UUxAM,K-직장인이 누구야~ 폭우에도 출근하는 사람들이지｜크랩,크랩 KLAB,2021-07-20 09:42:03+00:00,물이 가슴높이까지 올라와있는데도 우산쓰고있는게 포인트,2021-08-12 06:02:27+00:00,254,29,물이 가슴높이까지 올라와있는데도 우산쓰고있는게 포인트,1.0,1.0,0.0,0.0,Flooding,Humor,2
69,ExqrA3UUxAM,K-직장인이 누구야~ 폭우에도 출근하는 사람들이지｜크랩,크랩 KLAB,2021-07-20 09:42:03+00:00,"그와중에 정장입고 출근...

이런게 힙한거지 ㅋㅋㅋㅋㅋㅋ",2021-08-12 04:17:49+00:00,46,32,그와중에 정장입고 출근... 이런게 힙한거지 ㅋㅋㅋㅋㅋㅋ,1.0,1.0,0.0,1.0,Comfort,Humor,2
74,ExqrA3UUxAM,K-직장인이 누구야~ 폭우에도 출근하는 사람들이지｜크랩,크랩 KLAB,2021-07-20 09:42:03+00:00,리포팅 자체도 근성있음 저지경이 났는데 '지각 사태가 속출하고 있습니다' 라니ㅠㅠㅋㅋㅋㅋㅋㅋㅋㅋ,2021-08-09 09:45:08+00:00,179,53,리포팅 자체도 근성있음 저지경이 났는데 '지각 사태가 속출하고 있습니다' 라니ㅠㅠㅋㅋㅋㅋㅋㅋㅋㅋ,1.0,1.0,0.0,1.0,Delay,Frustration,2
80,ExqrA3UUxAM,K-직장인이 누구야~ 폭우에도 출근하는 사람들이지｜크랩,크랩 KLAB,2021-07-20 09:42:03+00:00,2022.8.9일 오늘이 그러하였다....,2022-08-09 11:19:57+00:00,14,23,2022.8.9일 오늘이 그러하였다....,1.0,1.0,1.0,1.0,Other,Neutral,0
83,ExqrA3UUxAM,K-직장인이 누구야~ 폭우에도 출근하는 사람들이지｜크랩,크랩 KLAB,2021-07-20 09:42:03+00:00,젖어 출근하시던 아버지덕에 이렇게 잘크고 잘 자랐습니다 이제 제가 대신 우산을 씌워드리겠습니다 더이상 비맞지않는 인생을 만들어드리겠습니다 감사합니다.,2021-08-18 14:27:54+00:00,40,83,젖어 출근하시던 아버지덕에 이렇게 잘크고 잘 자랐습니다 이제 제가 대신 우산을 씌워드리겠습니다 더이상 비맞지않는 인생을 만들어드리겠습니다 감사합니다.,1.0,1.0,1.0,0.0,Other,Appreciation,2
86,ExqrA3UUxAM,K-직장인이 누구야~ 폭우에도 출근하는 사람들이지｜크랩,크랩 KLAB,2021-07-20 09:42:03+00:00,"당연히 이래도 출근하는거 아닌가?  하면서
웃으면서 출근하시네.   존경합니다.  고맙습니다",2021-08-12 12:00:34+00:00,442,51,당연히 이래도 출근하는거 아닌가? 하면서 웃으면서 출근하시네. 존경합니다. 고맙습니다,1.0,1.0,0.0,0.0,Other,Appreciation,2
87,ExqrA3UUxAM,K-직장인이 누구야~ 폭우에도 출근하는 사람들이지｜크랩,크랩 KLAB,2021-07-20 09:42:03+00:00,지금이면 난리났을것 같은데… 다들 얼굴에 웃음이 가득하셔서 ㅋㅋㅋㅋㅋㅋ 아 광기의 시대….!,2021-08-09 00:53:45+00:00,631,51,지금이면 난리났을것 같은데… 다들 얼굴에 웃음이 가득하셔서 ㅋㅋㅋㅋㅋㅋ 아 광기의 시대….!,1.0,1.0,0.0,0.0,Other,Resignation,2
89,ExqrA3UUxAM,K-직장인이 누구야~ 폭우에도 출근하는 사람들이지｜크랩,크랩 KLAB,2021-07-20 09:42:03+00:00,"진짜 우리동네 입구에 개울있고 그 위에 다리가 있는대 , 비가 많이 왔을때 그 다리가 끊겼음  그냥 내려앉아서 갈수가 없었음.  이장님이 포크 레인 불러서 포크레인 바가지로 이쪽에서 저쪽으로 이동시켜 학생들 등교시킴;;;",2021-08-11 06:49:48+00:00,36,123,"진짜 우리동네 입구에 개울있고 그 위에 다리가 있는대 , 비가 많이 왔을때 그 다리가 끊겼음 그냥 내려앉아서 갈수가 없었음. 이장님이 포크 레인 불러서 포크레인 바가지로 이쪽에서 저쪽으로 이동시켜 학생들 등교시킴;;;",1.0,1.0,1.0,1.0,Flooding,Neutral,0
96,ExqrA3UUxAM,K-직장인이 누구야~ 폭우에도 출근하는 사람들이지｜크랩,크랩 KLAB,2021-07-20 09:42:03+00:00,강한자만이 살아남는 2022년 출근길,2022-08-09 05:50:04+00:00,12,20,강한자만이 살아남는 2022년 출근길,1.0,1.0,0.0,1.0,Safety,Neutral,0
100,ExqrA3UUxAM,K-직장인이 누구야~ 폭우에도 출근하는 사람들이지｜크랩,크랩 KLAB,2021-07-20 09:42:03+00:00,"대단한 민족임...  저 상황에서 양복입고 출근하는 나라가 울나라말고 또 있을까 ㅋ 
멋저부러~",2022-08-10 15:17:45+00:00,12,53,대단한 민족임... 저 상황에서 양복입고 출근하는 나라가 울나라말고 또 있을까 ㅋ 멋저부러~,1.0,1.0,0.0,0.0,Other,Appreciation,2
110,XuU3rbwcCHQ,폭우에도 뗏목타고 출근했던 한국인 클라스｜크랩,크랩 KLAB,2024-07-05 04:00:30+00:00,"학생들은 죽더라도 학교에서 죽어야했고
직장인들은 죽어도 무조건 회사는 출근해서 회사에서 죽어야 한다는 마인드가
국룰 이던 시절이죠ㅋㅋ",2024-07-08 09:22:36+00:00,997,74,학생들은 죽더라도 학교에서 죽어야했고 직장인들은 죽어도 무조건 회사는 출근해서 회사에서 죽어야 한다는 마인드가 국룰 이던 시절이죠ㅋㅋ,1.0,1.0,0.0,1.0,Workplace_Pressure,Frustration,2
112,XuU3rbwcCHQ,폭우에도 뗏목타고 출근했던 한국인 클라스｜크랩,크랩 KLAB,2024-07-05 04:00:30+00:00,"직장인분들이나 학생들 옷이랑 몸은 다 젖어도 
가방만큼은 물에 안젖게 하려고 온몸으로 사수 하고 
가는거봐..와 대단하고 존경스럽다😮",2024-07-10 10:41:28+00:00,46,74,직장인분들이나 학생들 옷이랑 몸은 다 젖어도 가방만큼은 물에 안젖게 하려고 온몸으로 사수 하고 가는거봐..와 대단하고 존경스럽다😮,1.0,1.0,0.0,0.0,Other,Appreciation,2
116,XuU3rbwcCHQ,폭우에도 뗏목타고 출근했던 한국인 클라스｜크랩,크랩 KLAB,2024-07-05 04:00:30+00:00,"함께 하니까, 그러려니 ~ 재미었음
 가방에 갈아입을 옷 넣어 간 적도 있음ㅋ",2024-07-09 03:47:21+00:00,17,43,"함께 하니까, 그러려니 ~ 재미었음 가방에 갈아입을 옷 넣어 간 적도 있음ㅋ",1.0,1.0,1.0,0.0,Comfort,Resignation,1
117,XuU3rbwcCHQ,폭우에도 뗏목타고 출근했던 한국인 클라스｜크랩,크랩 KLAB,2024-07-05 04:00:30+00:00,비가저렇게와도 휴교도없어서 다뚫고 학교갔는데ㅋㅋㅋ 부모님은 저렇게출근하셨겠구나 와,2024-07-05 04:31:38+00:00,939,45,비가저렇게와도 휴교도없어서 다뚫고 학교갔는데ㅋㅋㅋ 부모님은 저렇게출근하셨겠구나 와,1.0,1.0,1.0,0.0,Other,Neutral,0
118,XuU3rbwcCHQ,폭우에도 뗏목타고 출근했던 한국인 클라스｜크랩,크랩 KLAB,2024-07-05 04:00:30+00:00,90년도 홍수난 그때 학원 일찍 끝나고 저렇게 집에 왔었는데..ㅎㅎ 이젠 50이 되었네요,2024-07-09 03:50:46+00:00,38,49,90년도 홍수난 그때 학원 일찍 끝나고 저렇게 집에 왔었는데..ㅎㅎ 이젠 50이 되었네요,1.0,1.0,1.0,1.0,Flooding,Neutral,0
126,XuU3rbwcCHQ,폭우에도 뗏목타고 출근했던 한국인 클라스｜크랩,크랩 KLAB,2024-07-05 04:00:30+00:00,아직도 기억나는 뉴스. 02년인가 03년인가 그때 서울에 비가 많이 왔었음. 어디를 비췄는데 물이 허리까지 오는데 그걸 뚫고 물길을 헤치며 걸어가던 직장인들ㅋㅋ 진짜 대단하셨는데 그거보다 더하네 저땐ㅋㅋ,2024-07-08 07:54:06+00:00,6,113,아직도 기억나는 뉴스. 02년인가 03년인가 그때 서울에 비가 많이 왔었음. 어디를 비췄는데 물이 허리까지 오는데 그걸 뚫고 물길을 헤치며 걸어가던 직장인들ㅋㅋ 진짜 대단하셨는데 그거보다 더하네 저땐ㅋㅋ,1.0,1.0,0.0,0.0,Flooding,Neutral,0
127,XuU3rbwcCHQ,폭우에도 뗏목타고 출근했던 한국인 클라스｜크랩,크랩 KLAB,2024-07-05 04:00:30+00:00,"공부는 못해도 개근.
하늘이 무너져도 출근",2024-07-06 08:46:48+00:00,732,23,공부는 못해도 개근. 하늘이 무너져도 출근,1.0,1.0,0.0,0.0,Other,Neutral,0
129,XuU3rbwcCHQ,폭우에도 뗏목타고 출근했던 한국인 클라스｜크랩,크랩 KLAB,2024-07-05 04:00:30+00:00,"부장님 전쟁이 났습니다
알았으니까 일단 출근부터 해",2024-07-07 23:57:17+00:00,335,28,부장님 전쟁이 났습니다 알았으니까 일단 출근부터 해,1.0,1.0,0.0,2.0,Workplace_Pressure,Humor,1
135,XuU3rbwcCHQ,폭우에도 뗏목타고 출근했던 한국인 클라스｜크랩,크랩 KLAB,2024-07-05 04:00:30+00:00,저 상황인데도 표정이 모두 해맑네요😊😊😊,2024-07-06 05:10:54+00:00,58,22,저 상황인데도 표정이 모두 해맑네요😊😊😊,1.0,1.0,0.0,0.0,Flooding,Appreciation,1
137,XuU3rbwcCHQ,폭우에도 뗏목타고 출근했던 한국인 클라스｜크랩,크랩 KLAB,2024-07-05 04:00:30+00:00,"나도 그렇게 출근했는데.
지금 보니 웃음이 나오네",2024-07-05 05:36:27+00:00,132,27,나도 그렇게 출근했는데. 지금 보니 웃음이 나오네,1.0,1.0,1.0,0.0,Other,Humor,1
140,XuU3rbwcCHQ,폭우에도 뗏목타고 출근했던 한국인 클라스｜크랩,크랩 KLAB,2024-07-05 04:00:30+00:00,영상보니 기억이난다 .. 초 4학년이었는데 (그땐 국민학생) 저 물살을 가로지르는 버스를 보며 정류장에 줄서있던 우리들 😂 무서워서 얼른 집에 가고싶었었는데...😅,2024-07-09 03:05:46+00:00,6,91,영상보니 기억이난다 .. 초 4학년이었는데 (그땐 국민학생) 저 물살을 가로지르는 버스를 보며 정류장에 줄서있던 우리들 😂 무서워서 얼른 집에 가고싶었었는데...😅,1.0,1.0,1.0,1.0,Flooding,Fear,2
159,XuU3rbwcCHQ,폭우에도 뗏목타고 출근했던 한국인 클라스｜크랩,크랩 KLAB,2024-07-05 04:00:30+00:00,구로구 개봉동 육교부근이네요. 저도 저 당시 저 부근 어딘가에 있었다는....ㅎㅎㅎ....,2024-07-09 05:21:13+00:00,2,50,구로구 개봉동 육교부근이네요. 저도 저 당시 저 부근 어딘가에 있었다는....ㅎㅎㅎ....,1.0,1.0,1.0,0.0,Flooding,Neutral,0
164,XuU3rbwcCHQ,폭우에도 뗏목타고 출근했던 한국인 클라스｜크랩,크랩 KLAB,2024-07-05 04:00:30+00:00,90년대초만 하더라도 눈이 아무리오고 비가 아무리 내려도 휴교따윈안했음 ㅋㅋㅋ 국민학교때 2km넘는 거리를 눈발 뚫고 하교하다가 손발에 동상걸렸던기억이 ㅠㅠ 장마때도 비쫄딱맞고(우산에 우비입고 갔는데도) 하교하다가 감기로 아팠었기도하고 ㅋㅋㅋ,2024-07-06 10:00:57+00:00,78,135,90년대초만 하더라도 눈이 아무리오고 비가 아무리 내려도 휴교따윈안했음 ㅋㅋㅋ 국민학교때 2km넘는 거리를 눈발 뚫고 하교하다가 손발에 동상걸렸던기억이 ㅠㅠ 장마때도 비쫄딱맞고(우산에 우비입고 갔는데도) 하교하다가 감기로 아팠었기도하고 ㅋㅋㅋ,1.0,1.0,1.0,1.0,Safety,Neutral,0
165,XuU3rbwcCHQ,폭우에도 뗏목타고 출근했던 한국인 클라스｜크랩,크랩 KLAB,2024-07-05 04:00:30+00:00,윽ㅜㅜ생리중인 분들 힘들었겠다ㅜㅜ세균감염도ㅜㅜ,2024-07-11 13:09:00+00:00,2,25,윽ㅜㅜ생리중인 분들 힘들었겠다ㅜㅜ세균감염도ㅜㅜ,1.0,1.0,0.0,1.0,Safety,Other,2
180,XuU3rbwcCHQ,폭우에도 뗏목타고 출근했던 한국인 클라스｜크랩,크랩 KLAB,2024-07-05 04:00:30+00:00,저렇게까지 출근을 해야 한다고 생각하던 시절ㅋㅋㅋㅋㅋㅋ,2024-07-05 04:32:14+00:00,127,30,저렇게까지 출근을 해야 한다고 생각하던 시절ㅋㅋㅋㅋㅋㅋ,1.0,1.0,0.0,0.0,Workplace_Pressure,Humor,2
188,XuU3rbwcCHQ,폭우에도 뗏목타고 출근했던 한국인 클라스｜크랩,크랩 KLAB,2024-07-05 04:00:30+00:00,"저 때는 결근하면 큰 일 난다고 생각했을까?
홍수는 별 거 아니라고 생각했던 걸까?
어마어마한 사람들..",2024-07-05 04:20:26+00:00,796,58,저 때는 결근하면 큰 일 난다고 생각했을까? 홍수는 별 거 아니라고 생각했던 걸까? 어마어마한 사람들..,1.0,1.0,0.0,0.0,Workplace_Pressure,Neutral,0
190,XuU3rbwcCHQ,폭우에도 뗏목타고 출근했던 한국인 클라스｜크랩,크랩 KLAB,2024-07-05 04:00:30+00:00,8살1학년때 허벅지까지 물차는데 수건한장 가방에 넣어주고 몸보다큰우산 쥐어주며 잘다녀오라는 울엄마.. 시대상을 모르면 학대였지,2024-07-06 06:11:06+00:00,8,70,8살1학년때 허벅지까지 물차는데 수건한장 가방에 넣어주고 몸보다큰우산 쥐어주며 잘다녀오라는 울엄마.. 시대상을 모르면 학대였지,1.0,1.0,1.0,2.0,Flooding,Resignation,1
191,XuU3rbwcCHQ,폭우에도 뗏목타고 출근했던 한국인 클라스｜크랩,크랩 KLAB,2024-07-05 04:00:30+00:00,"죽어도 회사가서..
죽어도 학교가서..ㄷㄷ",2024-07-09 03:42:07+00:00,1,23,죽어도 회사가서.. 죽어도 학교가서..ㄷㄷ,1.0,1.0,0.0,1.0,Workplace_Pressure,Resignation,1
192,XuU3rbwcCHQ,폭우에도 뗏목타고 출근했던 한국인 클라스｜크랩,크랩 KLAB,2024-07-05 04:00:30+00:00,와 ..... 출근 영상이라니 말이되냐,2024-07-05 19:14:49+00:00,17,21,와 ..... 출근 영상이라니 말이되냐,1.0,1.0,0.0,0.0,Other,Neutral,0
193,XuU3rbwcCHQ,폭우에도 뗏목타고 출근했던 한국인 클라스｜크랩,크랩 KLAB,2024-07-05 04:00:30+00:00,요즘은 폭우온다고 출근못한다 하는데~ㅋㅋㅋ,2024-07-13 11:27:37+00:00,1,23,요즘은 폭우온다고 출근못한다 하는데~ㅋㅋㅋ,1.0,1.0,0.0,0.0,Other,Frustration,1
194,XuU3rbwcCHQ,폭우에도 뗏목타고 출근했던 한국인 클라스｜크랩,크랩 KLAB,2024-07-05 04:00:30+00:00,"고2때 집근처 하천이 범람해서 물이 허벅지까지 찼었음.(서울 중랑천)  학교가 바로 근처라 등교할까 고민고민하다가 안감. 방학 보충이라 출결 영향안가니 그리 결정함 ;;
 정상수업이면 갔었을듯...
웃긴건 그런 상황에서 한 100명은 그 물을 걸어서 등교함 ㅋㅋ ㅋ
선생님들도 못오셨는데 ㅋㅋㅋ
다 집으로 돌려보냈다고...기어이 학교간 내 친구가 얘기해줬음 ㅋㅋㅋ",2024-07-05 12:12:38+00:00,23,203,고2때 집근처 하천이 범람해서 물이 허벅지까지 찼었음.(서울 중랑천) 학교가 바로 근처라 등교할까 고민고민하다가 안감. 방학 보충이라 출결 영향안가니 그리 결정함 ;; 정상수업이면 갔었을듯... 웃긴건 그런 상황에서 한 100명은 그 물을 걸어서 등교함 ㅋㅋ ㅋ 선생님들도 못오셨는데 ㅋㅋㅋ 다 집으로 돌려보냈다고...기어이 학교간 내 친구가 얘기해줬음 ㅋㅋㅋ,1.0,1.0,1.0,0.0,Flooding,Neutral,0
196,XuU3rbwcCHQ,폭우에도 뗏목타고 출근했던 한국인 클라스｜크랩,크랩 KLAB,2024-07-05 04:00:30+00:00,"86년생인데 
나 어렸을때인데 그때 뉴스에서봤던거 기억나
ㅋㅋㅋㅋㅋㅋㅋㅋㅋㅋ
우리민족참대단해
그냥 출근이고등교고 당연히 해야하는거라고 다들생각했었으니까",2024-07-07 22:37:57+00:00,8,84,86년생인데 나 어렸을때인데 그때 뉴스에서봤던거 기억나 ㅋㅋㅋㅋㅋㅋㅋㅋㅋㅋ 우리민족참대단해 그냥 출근이고등교고 당연히 해야하는거라고 다들생각했었으니까,1.0,1.0,0.0,0.0,Other,Appreciation,2
201,7zQEm6yfEy8,30분 걸리던 출근길이 2시간이 되는 매직… 폭우로 통제된 교통에 출근길은 아수라장 / 14F,14F 일사에프,2022-08-09 09:15:29+00:00,몇일전에 90년대 폭우속에 출근하는 k-직장인 봣는데 느낌이 묘하네,2022-08-09 09:18:09+00:00,147,37,몇일전에 90년대 폭우속에 출근하는 k-직장인 봣는데 느낌이 묘하네,1.0,1.0,0.0,0.0,Other,Neutral,0
202,7zQEm6yfEy8,30분 걸리던 출근길이 2시간이 되는 매직… 폭우로 통제된 교통에 출근길은 아수라장 / 14F,14F 일사에프,2022-08-09 09:15:29+00:00,우리나라 사람들 출근은 자연재해라도 못 막는다 이 말이야~,2022-08-09 09:16:46+00:00,154,32,우리나라 사람들 출근은 자연재해라도 못 막는다 이 말이야~,1.0,1.0,0.0,0.0,Workplace_Pressure,Resignation,2
203,7zQEm6yfEy8,30분 걸리던 출근길이 2시간이 되는 매직… 폭우로 통제된 교통에 출근길은 아수라장 / 14F,14F 일사에프,2022-08-09 09:15:29+00:00,이럴땐 재택근무 할 수 있게끔 시스템 마련해줬으면 좋겠네,2022-08-09 13:04:26+00:00,36,31,이럴땐 재택근무 할 수 있게끔 시스템 마련해줬으면 좋겠네,1.0,1.0,0.0,1.0,Workplace_Pressure,Neutral,0
204,7zQEm6yfEy8,30분 걸리던 출근길이 2시간이 되는 매직… 폭우로 통제된 교통에 출근길은 아수라장 / 14F,14F 일사에프,2022-08-09 09:15:29+00:00,진짜 앵간한 나라들이면 안나갈텐데 출근에 진심인 대한민국…,2022-08-09 10:21:30+00:00,27,32,진짜 앵간한 나라들이면 안나갈텐데 출근에 진심인 대한민국…,1.0,1.0,0.0,2.0,Workplace_Pressure,Resignation,1
205,7zQEm6yfEy8,30분 걸리던 출근길이 2시간이 되는 매직… 폭우로 통제된 교통에 출근길은 아수라장 / 14F,14F 일사에프,2022-08-09 09:15:29+00:00,"좀비가 나와도 출근할듯~~~
재택가능하면 제발 재택좀해라 망할 회사들아..
출퇴근에만 5시간 쓰는게 말이되냐….. 진짜 죽겠다….",2022-08-09 09:50:53+00:00,31,72,좀비가 나와도 출근할듯~~~ 재택가능하면 제발 재택좀해라 망할 회사들아.. 출퇴근에만 5시간 쓰는게 말이되냐….. 진짜 죽겠다….,1.0,1.0,1.0,2.0,Workplace_Pressure,Frustration,3
206,7zQEm6yfEy8,30분 걸리던 출근길이 2시간이 되는 매직… 폭우로 통제된 교통에 출근길은 아수라장 / 14F,14F 일사에프,2022-08-09 09:15:29+00:00,코로나 기간동안 비대면 시스템 활성화 시킨 이유가 뭐냐고. 이런날 활용하라고 있는거 아니야?,2022-08-09 10:02:02+00:00,19,51,코로나 기간동안 비대면 시스템 활성화 시킨 이유가 뭐냐고. 이런날 활용하라고 있는거 아니야?,1.0,1.0,0.0,2.0,Workplace_Pressure,Frustration,2
207,7zQEm6yfEy8,30분 걸리던 출근길이 2시간이 되는 매직… 폭우로 통제된 교통에 출근길은 아수라장 / 14F,14F 일사에프,2022-08-09 09:15:29+00:00,이른 오전부터 정시출근하라는 단톡이 옴~   물차서 길통제로  정시출근 어렵다하는글 올라오자 알아서 각자살아서 정시출근 하라고.. 지각하면 지각 그대로 반영 등등.. 이러니  물속을걸어서라도 출근하는거겠죠,2022-08-09 09:35:33+00:00,117,114,이른 오전부터 정시출근하라는 단톡이 옴~ 물차서 길통제로 정시출근 어렵다하는글 올라오자 알아서 각자살아서 정시출근 하라고.. 지각하면 지각 그대로 반영 등등.. 이러니 물속을걸어서라도 출근하는거겠죠,1.0,1.0,0.0,2.0,Workplace_Pressure,Frustration,2
208,7zQEm6yfEy8,30분 걸리던 출근길이 2시간이 되는 매직… 폭우로 통제된 교통에 출근길은 아수라장 / 14F,14F 일사에프,2022-08-09 09:15:29+00:00,ㅋㅋ아니 저런 재해 상태에서 무슨 출근이야.. 가까운 일본은 태풍이라도 온다고 하면 그 규모가 크던 작던 오기 전부터 지하철 조기 중단 및 미리 회사원들 2시나3시쯤 또는 오전 중에 퇴근시켜 보낸다… 인구도 감소되는 와중에 우리나라는 사람 소중한걸 정말 너무 모르는듯..!,2022-08-09 10:42:36+00:00,17,152,ㅋㅋ아니 저런 재해 상태에서 무슨 출근이야.. 가까운 일본은 태풍이라도 온다고 하면 그 규모가 크던 작던 오기 전부터 지하철 조기 중단 및 미리 회사원들 2시나3시쯤 또는 오전 중에 퇴근시켜 보낸다… 인구도 감소되는 와중에 우리나라는 사람 소중한걸 정말 너무 모르는듯..!,1.0,1.0,0.0,2.0,Workplace_Pressure,Frustration,3
209,7zQEm6yfEy8,30분 걸리던 출근길이 2시간이 되는 매직… 폭우로 통제된 교통에 출근길은 아수라장 / 14F,14F 일사에프,2022-08-09 09:15:29+00:00,이와중에도 출근해야되는게 현실이라니ㅜㅜ 폭우 다들 조심하시고 안전하게 귀가 하시길..ㅜㅡㅜ,2022-08-09 13:02:57+00:00,39,50,이와중에도 출근해야되는게 현실이라니ㅜㅜ 폭우 다들 조심하시고 안전하게 귀가 하시길..ㅜㅡㅜ,1.0,1.0,1.0,2.0,Workplace_Pressure,Anxiety,2
210,7zQEm6yfEy8,30분 걸리던 출근길이 2시간이 되는 매직… 폭우로 통제된 교통에 출근길은 아수라장 / 14F,14F 일사에프,2022-08-09 09:15:29+00:00,진짜 좀비가 나타나도 피해서 사무실 갈 사람들이야...,2022-08-09 09:39:03+00:00,44,30,진짜 좀비가 나타나도 피해서 사무실 갈 사람들이야...,1.0,1.0,0.0,2.0,Workplace_Pressure,Humor,2
211,7zQEm6yfEy8,30분 걸리던 출근길이 2시간이 되는 매직… 폭우로 통제된 교통에 출근길은 아수라장 / 14F,14F 일사에프,2022-08-09 09:15:29+00:00,"이런 날에도 출근하는 나라는 우리나라밖에 없을 겁니다. 성실한 건지, 제도가 잘못된 건지...",2022-08-09 10:58:16+00:00,137,52,"이런 날에도 출근하는 나라는 우리나라밖에 없을 겁니다. 성실한 건지, 제도가 잘못된 건지...",1.0,1.0,0.0,2.0,Workplace_Pressure,Frustration,2
212,7zQEm6yfEy8,30분 걸리던 출근길이 2시간이 되는 매직… 폭우로 통제된 교통에 출근길은 아수라장 / 14F,14F 일사에프,2022-08-09 09:15:29+00:00,이참에 저 날씨에도 출근시키는 기업들 싹 다 블랙 기업으로 지정해야 함,2022-08-09 10:03:48+00:00,26,39,이참에 저 날씨에도 출근시키는 기업들 싹 다 블랙 기업으로 지정해야 함,1.0,1.0,0.0,2.0,Workplace_Pressure,Frustration,2
213,7zQEm6yfEy8,30분 걸리던 출근길이 2시간이 되는 매직… 폭우로 통제된 교통에 출근길은 아수라장 / 14F,14F 일사에프,2022-08-09 09:15:29+00:00,힘들었어요 ... 내일도 출근할 생각에 괴로워요...,2022-08-09 09:53:09+00:00,25,29,힘들었어요 ... 내일도 출근할 생각에 괴로워요...,1.0,1.0,1.0,2.0,Delay,Exhaustion,2
214,7zQEm6yfEy8,30분 걸리던 출근길이 2시간이 되는 매직… 폭우로 통제된 교통에 출근길은 아수라장 / 14F,14F 일사에프,2022-08-09 09:15:29+00:00,자부심 갖지 말자 이런거에.. 이런 자연재해에는 필수적으로 재택근무 할 수 있는 시스템이 있어야 한다 출근하다가 뭔일 날줄 알고 출근 시키냐….;,2022-08-10 01:00:54+00:00,5,81,자부심 갖지 말자 이런거에.. 이런 자연재해에는 필수적으로 재택근무 할 수 있는 시스템이 있어야 한다 출근하다가 뭔일 날줄 알고 출근 시키냐….;,1.0,1.0,0.0,2.0,Workplace_Pressure,Frustration,2
221,7zQEm6yfEy8,30분 걸리던 출근길이 2시간이 되는 매직… 폭우로 통제된 교통에 출근길은 아수라장 / 14F,14F 일사에프,2022-08-09 09:15:29+00:00,90년도에 침수에 걸어서 출근하던 영상 생각나네. 근데 2022년도 똑같다니ㅋㅋㅋㅋㅋ,2022-08-09 15:04:58+00:00,1,47,90년도에 침수에 걸어서 출근하던 영상 생각나네. 근데 2022년도 똑같다니ㅋㅋㅋㅋㅋ,1.0,1.0,0.0,0.0,Flooding,Resignation,2
223,7zQEm6yfEy8,30분 걸리던 출근길이 2시간이 되는 매직… 폭우로 통제된 교통에 출근길은 아수라장 / 14F,14F 일사에프,2022-08-09 09:15:29+00:00,일단 퇴근은 해야지~ 퇴근길은 못막지~,2022-08-09 09:31:18+00:00,4,21,일단 퇴근은 해야지~ 퇴근길은 못막지~,1.0,1.0,1.0,1.0,Delay,Resignation,1
224,7zQEm6yfEy8,30분 걸리던 출근길이 2시간이 되는 매직… 폭우로 통제된 교통에 출근길은 아수라장 / 14F,14F 일사에프,2022-08-09 09:15:29+00:00,"오늘 도로가 잠기는 등 폭우 피해가 큰 관계로 


조심히 출근하시기 바랍니다.",2022-08-09 20:15:30+00:00,0,44,오늘 도로가 잠기는 등 폭우 피해가 큰 관계로 조심히 출근하시기 바랍니다.,1.0,1.0,0.0,0.0,Flooding,Neutral,0
228,7zQEm6yfEy8,30분 걸리던 출근길이 2시간이 되는 매직… 폭우로 통제된 교통에 출근길은 아수라장 / 14F,14F 일사에프,2022-08-09 09:15:29+00:00,자택근무  하던지  대기하던지 해야지 이게무슨 사람들 죽일일 있나,2022-08-09 19:58:19+00:00,2,36,자택근무 하던지 대기하던지 해야지 이게무슨 사람들 죽일일 있나,1.0,1.0,0.0,2.0,Workplace_Pressure,Frustration,2
230,7zQEm6yfEy8,30분 걸리던 출근길이 2시간이 되는 매직… 폭우로 통제된 교통에 출근길은 아수라장 / 14F,14F 일사에프,2022-08-09 09:15:29+00:00,진짜 어제오늘같은날은 집밖이 위험한거같음...,2022-08-09 14:01:29+00:00,0,25,진짜 어제오늘같은날은 집밖이 위험한거같음...,1.0,1.0,0.0,1.0,Safety,Fear,2
233,7zQEm6yfEy8,30분 걸리던 출근길이 2시간이 되는 매직… 폭우로 통제된 교통에 출근길은 아수라장 / 14F,14F 일사에프,2022-08-09 09:15:29+00:00,이정도면 목숨걸고 일하는게 맞는가싶네,2022-08-09 15:27:49+00:00,0,20,이정도면 목숨걸고 일하는게 맞는가싶네,1.0,1.0,1.0,2.0,Workplace_Pressure,Fear,2
237,7zQEm6yfEy8,30분 걸리던 출근길이 2시간이 되는 매직… 폭우로 통제된 교통에 출근길은 아수라장 / 14F,14F 일사에프,2022-08-09 09:15:29+00:00,이런 자연재해 속에서도 당연하게들 정상 출근해야하는거라고 생각하는 국민 의식이 안타깝습니다.. 이제 기업의 성장보다는 근로자들에 대한 의식 성장도 필요하다고 생각합니다.,2022-08-11 14:25:52+00:00,0,94,이런 자연재해 속에서도 당연하게들 정상 출근해야하는거라고 생각하는 국민 의식이 안타깝습니다.. 이제 기업의 성장보다는 근로자들에 대한 의식 성장도 필요하다고 생각합니다.,1.0,1.0,0.0,1.0,Workplace_Pressure,Frustration,2
240,7zQEm6yfEy8,30분 걸리던 출근길이 2시간이 되는 매직… 폭우로 통제된 교통에 출근길은 아수라장 / 14F,14F 일사에프,2022-08-09 09:15:29+00:00,"대통령도 출근을 안하는데
직장인은 전원 출근.
레전드.",2022-08-10 15:07:57+00:00,1,30,대통령도 출근을 안하는데 직장인은 전원 출근. 레전드.,1.0,1.0,0.0,2.0,Workplace_Pressure,Frustration,2
241,7zQEm6yfEy8,30분 걸리던 출근길이 2시간이 되는 매직… 폭우로 통제된 교통에 출근길은 아수라장 / 14F,14F 일사에프,2022-08-09 09:15:29+00:00,01:09 양복바지 지못미ㅠ,2022-08-09 09:36:08+00:00,0,15,01:09 양복바지 지못미ㅠ,1.0,1.0,0.0,1.0,Comfort,Humor,1
244,7zQEm6yfEy8,30분 걸리던 출근길이 2시간이 되는 매직… 폭우로 통제된 교통에 출근길은 아수라장 / 14F,14F 일사에프,2022-08-09 09:15:29+00:00,출근 해야되는건가. 재앙 수준 아닌가.... 비따위 그치면 그만이고 침수야 시간이 해결한다 이거지?,2022-08-09 11:04:38+00:00,1,55,출근 해야되는건가. 재앙 수준 아닌가.... 비따위 그치면 그만이고 침수야 시간이 해결한다 이거지?,1.0,1.0,1.0,2.0,Flooding,Resignation,2
248,7zQEm6yfEy8,30분 걸리던 출근길이 2시간이 되는 매직… 폭우로 통제된 교통에 출근길은 아수라장 / 14F,14F 일사에프,2022-08-09 09:15:29+00:00,카푸어는 웁니다,2022-08-09 15:22:29+00:00,0,8,카푸어는 웁니다,1.0,1.0,0.0,1.0,Congestion,Humor,1
250,7zQEm6yfEy8,30분 걸리던 출근길이 2시간이 되는 매직… 폭우로 통제된 교통에 출근길은 아수라장 / 14F,14F 일사에프,2022-08-09 09:15:29+00:00,"서울시민들 출근 진짜 한거임...
회사도 참 융통성이 없네 ㅋ.ㅋ",2022-08-09 15:05:27+00:00,1,36,서울시민들 출근 진짜 한거임... 회사도 참 융통성이 없네 ㅋ.ㅋ,1.0,1.0,0.0,1.0,Workplace_Pressure,Frustration,2
253,7zQEm6yfEy8,30분 걸리던 출근길이 2시간이 되는 매직… 폭우로 통제된 교통에 출근길은 아수라장 / 14F,14F 일사에프,2022-08-09 09:15:29+00:00,공무원은 출근은 11시가 되는 새로운세상...,2022-08-10 06:05:06+00:00,0,25,공무원은 출근은 11시가 되는 새로운세상...,1.0,1.0,0.0,1.0,Delay,Frustration,1
254,7zQEm6yfEy8,30분 걸리던 출근길이 2시간이 되는 매직… 폭우로 통제된 교통에 출근길은 아수라장 / 14F,14F 일사에프,2022-08-09 09:15:29+00:00,이게 머 좋은일이라고 보도하는거임?,2022-08-09 17:57:27+00:00,1,19,이게 머 좋은일이라고 보도하는거임?,1.0,1.0,0.0,2.0,Delay,Frustration,2
258,7zQEm6yfEy8,30분 걸리던 출근길이 2시간이 되는 매직… 폭우로 통제된 교통에 출근길은 아수라장 / 14F,14F 일사에프,2022-08-09 09:15:29+00:00,"난 그냥 직장 근처에서 잤음.
여기가 호캉스임.",2022-08-09 15:02:07+00:00,0,26,난 그냥 직장 근처에서 잤음. 여기가 호캉스임.,1.0,1.0,1.0,0.0,Other,Humor,2
262,7zQEm6yfEy8,30분 걸리던 출근길이 2시간이 되는 매직… 폭우로 통제된 교통에 출근길은 아수라장 / 14F,14F 일사에프,2022-08-09 09:15:29+00:00,각별한 주의가 필요한게 아니라 재택으로 돌리던가 유두리있게 해야지원...,2022-08-09 12:40:38+00:00,1,40,각별한 주의가 필요한게 아니라 재택으로 돌리던가 유두리있게 해야지원...,1.0,1.0,0.0,2.0,Workplace_Pressure,Frustration,2
282,9dhUNJcYMqQ,서울 퇴근길 기습폭우에 도로 통제에 지하철 지연 (2025.07.08/뉴스데스크/MBC),MBCNEWS,2025-07-08 11:55:16+00:00,이정도로 이렇게 된다면 정말 위험한 수준이다.... 배수시스템이 아열대 기후급으로 변경해야 되는데... 중국의 반만 비온다면 서울은 그냥 마비...,2025-07-08 12:12:54+00:00,17,82,이정도로 이렇게 된다면 정말 위험한 수준이다.... 배수시스템이 아열대 기후급으로 변경해야 되는데... 중국의 반만 비온다면 서울은 그냥 마비...,1.0,1.0,0.0,2.0,Flooding,Anxiety,2
310,9dhUNJcYMqQ,서울 퇴근길 기습폭우에 도로 통제에 지하철 지연 (2025.07.08/뉴스데스크/MBC),MBCNEWS,2025-07-08 11:55:16+00:00,물불 안가린다는게 이런건가?,2025-07-08 15:20:42+00:00,0,15,물불 안가린다는게 이런건가?,1.0,1.0,0.0,1.0,Other,Neutral,0
343,9dhUNJcYMqQ,서울 퇴근길 기습폭우에 도로 통제에 지하철 지연 (2025.07.08/뉴스데스크/MBC),MBCNEWS,2025-07-08 11:55:16+00:00,멋지네ㅋ,2025-07-08 13:18:16+00:00,0,4,멋지네ㅋ,1.0,1.0,0.0,1.0,Delay,Frustration,2
345,gqNtUkCupv4,출근길 도로 곳곳 침수로 시민 불편 / KBS뉴스(News),KBS News,2020-11-18 22:29:54+00:00,진짜 낙엽에 폭우가 더하니.....,2020-11-18 22:41:33+00:00,31,19,진짜 낙엽에 폭우가 더하니.....,1.0,1.0,0.0,1.0,Flooding,Frustration,1
353,gqNtUkCupv4,출근길 도로 곳곳 침수로 시민 불편 / KBS뉴스(News),KBS News,2020-11-18 22:29:54+00:00,아침부터 비 와서 짜증나 뒤지는 줄 알았네 ㅠㅠ,2020-11-18 22:50:13+00:00,0,26,아침부터 비 와서 짜증나 뒤지는 줄 알았네 ㅠㅠ,1.0,1.0,1.0,2.0,Flooding,Frustration,3
354,gqNtUkCupv4,출근길 도로 곳곳 침수로 시민 불편 / KBS뉴스(News),KBS News,2020-11-18 22:29:54+00:00,새벽에 운전하고가다가 큰차에 빗물싸다구 엄청맞음ㅠㅠㅠ무서버,2020-11-19 00:10:19+00:00,0,32,새벽에 운전하고가다가 큰차에 빗물싸다구 엄청맞음ㅠㅠㅠ무서버,1.0,1.0,1.0,2.0,Safety,Fear,3
357,gqNtUkCupv4,출근길 도로 곳곳 침수로 시민 불편 / KBS뉴스(News),KBS News,2020-11-18 22:29:54+00:00,안산도 횡단보도 앞이 완전 홍수가 됬다 신호가 파랑불로 바꼈는데도 물이 완전히 고여서 신발이 다 젖었다,2020-11-19 00:24:05+00:00,0,57,안산도 횡단보도 앞이 완전 홍수가 됬다 신호가 파랑불로 바꼈는데도 물이 완전히 고여서 신발이 다 젖었다,1.0,1.0,1.0,1.0,Flooding,Frustration,2
361,gqNtUkCupv4,출근길 도로 곳곳 침수로 시민 불편 / KBS뉴스(News),KBS News,2020-11-18 22:29:54+00:00,배수로 청소를 잘해야지,2020-11-18 22:46:04+00:00,7,12,배수로 청소를 잘해야지,1.0,1.0,0.0,1.0,Flooding,Frustration,1
365,gqNtUkCupv4,출근길 도로 곳곳 침수로 시민 불편 / KBS뉴스(News),KBS News,2020-11-18 22:29:54+00:00,나뭇잎이 하수구입구꽉막으니  물이제대로배출되나,2020-11-18 23:33:35+00:00,0,25,나뭇잎이 하수구입구꽉막으니 물이제대로배출되나,1.0,1.0,0.0,0.0,Flooding,Frustration,2
374,gqNtUkCupv4,출근길 도로 곳곳 침수로 시민 불편 / KBS뉴스(News),KBS News,2020-11-18 22:29:54+00:00,이제 비만 오면 침수네..,2020-11-19 01:24:02+00:00,0,14,이제 비만 오면 침수네..,1.0,1.0,0.0,1.0,Flooding,Resignation,1
375,gqNtUkCupv4,출근길 도로 곳곳 침수로 시민 불편 / KBS뉴스(News),KBS News,2020-11-18 22:29:54+00:00,"막힌이유:아스팔트땜에
물이 땅밑으로.흡수 못해서
고여버린  물임",2020-11-19 03:29:42+00:00,0,35,막힌이유:아스팔트땜에 물이 땅밑으로.흡수 못해서 고여버린 물임,1.0,1.0,0.0,0.0,Flooding,Neutral,0
377,gqNtUkCupv4,출근길 도로 곳곳 침수로 시민 불편 / KBS뉴스(News),KBS News,2020-11-18 22:29:54+00:00,낙엽때문에 물빠지는곳 막아서 침수피해 커진듯   .  근데 작년에는 낙엽 치워주시더니 이번년도는 낙엽 치우는거 한번도못봄,2020-11-19 01:04:34+00:00,0,67,낙엽때문에 물빠지는곳 막아서 침수피해 커진듯 . 근데 작년에는 낙엽 치워주시더니 이번년도는 낙엽 치우는거 한번도못봄,1.0,1.0,1.0,1.0,Flooding,Frustration,2
398,PQlz7I4_hao,&quot;숙박비 2배 부르지만…&quot; 폭우에 귀가 포기한 직장인도 / SBS / 실시간 e뉴스,SBS 뉴스,2022-08-08 23:52:48+00:00,놓치지않고 숙박비 올려받는 대단한 인간들 ㅋㅋㅋㅋㅋㅋㅋㅋ,2022-08-09 04:12:02+00:00,38,31,놓치지않고 숙박비 올려받는 대단한 인간들 ㅋㅋㅋㅋㅋㅋㅋㅋ,1.0,1.0,0.0,1.0,Other,Frustration,2
400,PQlz7I4_hao,&quot;숙박비 2배 부르지만…&quot; 폭우에 귀가 포기한 직장인도 / SBS / 실시간 e뉴스,SBS 뉴스,2022-08-08 23:52:48+00:00,사람이 저상황에서 요금 2배를 부르다니..,2022-08-09 00:55:02+00:00,65,23,사람이 저상황에서 요금 2배를 부르다니..,1.0,1.0,0.0,2.0,Other,Frustration,2
403,PQlz7I4_hao,&quot;숙박비 2배 부르지만…&quot; 폭우에 귀가 포기한 직장인도 / SBS / 실시간 e뉴스,SBS 뉴스,2022-08-08 23:52:48+00:00,"미친 폭우일때는 가급적 하루이틀 쉬는게 낫지 싶습니다 
하루이틀 일 안한다고 망하거나 잘못되지 않습니다 
또 한번 300mm 온다고 합니다",2022-08-09 01:24:42+00:00,17,77,미친 폭우일때는 가급적 하루이틀 쉬는게 낫지 싶습니다 하루이틀 일 안한다고 망하거나 잘못되지 않습니다 또 한번 300mm 온다고 합니다,1.0,1.0,0.0,1.0,Safety,Neutral,0
415,PQlz7I4_hao,&quot;숙박비 2배 부르지만…&quot; 폭우에 귀가 포기한 직장인도 / SBS / 실시간 e뉴스,SBS 뉴스,2022-08-08 23:52:48+00:00,ㅋㅋㅋㅋ 잘생각해라 숙박업소들 이번에 확 벌고 장사 접을거 아니면,2022-08-09 03:38:49+00:00,2,36,ㅋㅋㅋㅋ 잘생각해라 숙박업소들 이번에 확 벌고 장사 접을거 아니면,1.0,1.0,0.0,1.0,Other,Frustration,2
443,JGBz8mva_wc,&#39;도로 막히고 땅 꺼지고&#39;...출근길 교통대란 우려 / YTN, YTN,2020-08-09 12:56:45+00:00,사장님들도 피해입은 동네 직원들 파악을해서 형편을 봐서 늦게라도 출근할 수 있도록 공고해주시면 좋겠습니다. 국가가 못하는일도 회사에서 해줬으면 하는 바입니다. 대기업만 하는게 아니라 중소기업들도 사람이 곧 재산이지 않겠느냐 말입니다. 이렇게 코로나로인해 장마로 인해 어려운부분들이 밀물처럼 많이 일어나고 있습니다.,2020-08-09 14:04:25+00:00,3,175,사장님들도 피해입은 동네 직원들 파악을해서 형편을 봐서 늦게라도 출근할 수 있도록 공고해주시면 좋겠습니다. 국가가 못하는일도 회사에서 해줬으면 하는 바입니다. 대기업만 하는게 아니라 중소기업들도 사람이 곧 재산이지 않겠느냐 말입니다. 이렇게 코로나로인해 장마로 인해 어려운부분들이 밀물처럼 많이 일어나고 있습니다.,1.0,1.0,0.0,1.0,Workplace_Pressure,Neutral,0
449,JGBz8mva_wc,&#39;도로 막히고 땅 꺼지고&#39;...출근길 교통대란 우려 / YTN, YTN,2020-08-09 12:56:45+00:00,우비입고 자전거 타야겠다,2020-08-09 13:29:05+00:00,1,13,우비입고 자전거 타야겠다,1.0,1.0,1.0,1.0,Transportation_Preference,Neutral,0
450,JGBz8mva_wc,&#39;도로 막히고 땅 꺼지고&#39;...출근길 교통대란 우려 / YTN, YTN,2020-08-09 12:56:45+00:00,이런 상황에도 차끌고 출근하는 인간들 많을껀데 개념없는 인간들이 많아서,2020-08-09 15:00:29+00:00,0,39,이런 상황에도 차끌고 출근하는 인간들 많을껀데 개념없는 인간들이 많아서,1.0,1.0,0.0,1.0,Transportation_Preference,Frustration,2
451,JGBz8mva_wc,&#39;도로 막히고 땅 꺼지고&#39;...출근길 교통대란 우려 / YTN, YTN,2020-08-09 12:56:45+00:00,"이럴때는 좀 차를 두고 대중교통을 이용하는게 사람
람들 왜 이렇게 미련하지 어차피 대중교통을 이용하나 통제되어서 막히나 불편한건 똑같고 이럴땐 어쩌면 대중교통이 더 빠를지도 모르죠",2020-08-10 11:39:20+00:00,0,100,이럴때는 좀 차를 두고 대중교통을 이용하는게 사람 람들 왜 이렇게 미련하지 어차피 대중교통을 이용하나 통제되어서 막히나 불편한건 똑같고 이럴땐 어쩌면 대중교통이 더 빠를지도 모르죠,1.0,1.0,0.0,1.0,Transportation_Preference,Frustration,1
452,JGBz8mva_wc,&#39;도로 막히고 땅 꺼지고&#39;...출근길 교통대란 우려 / YTN, YTN,2020-08-09 12:56:45+00:00,한시간 일찍출근혀,2020-08-09 14:05:56+00:00,0,9,한시간 일찍출근혀,1.0,1.0,1.0,1.0,Delay,Neutral,0
455,JGBz8mva_wc,&#39;도로 막히고 땅 꺼지고&#39;...출근길 교통대란 우려 / YTN, YTN,2020-08-09 12:56:45+00:00,새벽일찍나가세요,2020-08-09 14:10:11+00:00,0,8,새벽일찍나가세요,1.0,1.0,0.0,0.0,Congestion,Neutral,0
456,JGBz8mva_wc,&#39;도로 막히고 땅 꺼지고&#39;...출근길 교통대란 우려 / YTN, YTN,2020-08-09 12:56:45+00:00,내일 지각 예정,2020-08-09 13:36:28+00:00,0,8,내일 지각 예정,1.0,1.0,1.0,1.0,Delay,Neutral,0
461,JGBz8mva_wc,&#39;도로 막히고 땅 꺼지고&#39;...출근길 교통대란 우려 / YTN, YTN,2020-08-09 12:56:45+00:00,재앙이다,2020-08-09 13:09:27+00:00,1,4,재앙이다,1.0,1.0,0.0,3.0,Delay,Fear,3
466,r6-bnQS3xzc,서울 올림픽대로·강변북로 &#39;통제&#39;...내일 교통대란 우려 / YTN, YTN,2020-08-09 09:08:26+00:00,"난생 처음보는 비네요.
모두들 조심히 집콕을 추천  합니다.
5시간 걸린 기자님은 3시 출발 하시길....",2020-08-09 09:16:17+00:00,4,59,난생 처음보는 비네요. 모두들 조심히 집콕을 추천 합니다. 5시간 걸린 기자님은 3시 출발 하시길....,1.0,1.0,0.0,1.0,Delay,Humor,1
468,r6-bnQS3xzc,서울 올림픽대로·강변북로 &#39;통제&#39;...내일 교통대란 우려 / YTN, YTN,2020-08-09 09:08:26+00:00,내일은 하루종일 교통지옥이 발생한다!,2020-08-09 09:20:21+00:00,3,20,내일은 하루종일 교통지옥이 발생한다!,1.0,1.0,0.0,2.0,Congestion,Anxiety,2
471,r6-bnQS3xzc,서울 올림픽대로·강변북로 &#39;통제&#39;...내일 교통대란 우려 / YTN, YTN,2020-08-09 09:08:26+00:00,이럴땐 대중교통이 짱,2020-11-24 14:54:23+00:00,0,11,이럴땐 대중교통이 짱,1.0,1.0,0.0,0.0,Transportation_Preference,Neutral,0
477,y9Q3wz7_42M,집중호우에 잠긴 서울지하철 동작역...&quot;9호선 급행 중단&quot; / YTN, YTN,2022-08-08 23:13:46+00:00,덕분에 오늘 회사 아직도 못가는 중,2022-08-09 01:54:56+00:00,0,19,덕분에 오늘 회사 아직도 못가는 중,1.0,1.0,1.0,2.0,Delay,Frustration,2
479,y9Q3wz7_42M,집중호우에 잠긴 서울지하철 동작역...&quot;9호선 급행 중단&quot; / YTN, YTN,2022-08-08 23:13:46+00:00,잠수교 잠김???,2022-08-09 00:30:50+00:00,0,9,잠수교 잠김???,1.0,1.0,0.0,0.0,Flooding,Neutral,0
483,y9Q3wz7_42M,집중호우에 잠긴 서울지하철 동작역...&quot;9호선 급행 중단&quot; / YTN, YTN,2022-08-08 23:13:46+00:00,전철역 지을때 이런거  생각못했나??  ㅠㅠ,2022-08-09 00:30:22+00:00,0,24,전철역 지을때 이런거 생각못했나?? ㅠㅠ,1.0,1.0,0.0,2.0,Flooding,Frustration,2
